Workbook

Sheet SalesData
A1: Order_ID | B1: Order_Date | C1: Customer_ID | D1: Region | E1: Product | F1: Category | G1: Quantity | H1: Unit_Price | I1: Total_Sales | J1: Month | K1: Year
A2: ORD-1001 | B2: 45880 | C2: CUST-346 | D2: West | E2: Table | F2: Furniture | G2: 6 | H2: 150 | I2: 900 | J2: =TEXT(B2,"YYYY-MM") | K2: =YEAR(B2)
A3: ORD-1002 | B3: 45854 | C3: CUST-219 | D3: South | E3: Blender | F3: Appliances | G3: 6 | H3: 80 | I3: 480 | J3: =TEXT(B3,"YYYY-MM") | K3: =YEAR(B3)
A4: ORD-1003 | B4: 45456 | C4: CUST-325 | D4: East | E4: Table | F4: Furniture | G4: 10 | H4: 150 | I4: 1500 | J4: =TEXT(B4,"YYYY-MM") | K4: =YEAR(B4)
A5: ORD-1004 | B5: 45592 | C5: CUST-239 | D5: North | E5: Sofa | F5: Furniture | G5: 10 | H5: 400 | I5: 4000 | J5: =TEXT(B5,"YYYY-MM") | K5: =YEAR(B5)
A6: ORD-1005 | B6: 45474 | C6: CUST-240 | D6: West | E6: Blender | F6: Appliances | G6: 4 | H6: 80 | I6: 320 | J6: =TEXT(B6,"YYYY-MM") | K6: =YEAR(B6)
A7: ORD-1006 | B7: 45645 | C7: CUST-212 | D7: South | E7: Refrigerator | F7: Appliances | G7: 5 | H7: 600 | I7: 3000 | J7: =TEXT(B7,"YYYY-MM") | K7: =YEAR(B7)
A8: ORD-1007 | B8: 45500 | C8: CUST-437 | D8: South | E8: Table | F8: Furniture | G8: 3 | H8: 150 | I8: 450 | J8: =TEXT(B8,"YYYY-MM") | K8: =YEAR(B8)
A9: ORD-1008 | B9: 45866 | C9: CUST-310 | D9: West | E9: Laptop | F9: Electronics | G9: 1 | H9: 800 | I9: 800 | J9: =TEXT(B9,"YYYY-MM") | K9: =YEAR(B9)
A10: ORD-1009 | B10: 45838 | C10: CUST-179 | D10: South | E10: Table | F10: Furniture | G10: 4 | H10: 150 | I10: 600 | J10: =TEXT(B10,"YYYY-MM") | K10: =YEAR(B10)
A11: ORD-1010 | B11: 45527 | C11: CUST-327 | D11: East | E11: Laptop | F11: Electronics | G11: 7 | H11: 800 | I11: 5600 | J11: =TEXT(B11,"YYYY-MM") | K11: =YEAR(B11)
A12: ORD-1011 | B12: 45531 | C12: CUST-230 | D12: South | E12: Blender | F12: Appliances | G12: 9 | H12: 80 | I12: 720 | J12: =TEXT(B12,"YYYY-MM") | K12: =YEAR(B12)
A13: ORD-1012 | B13: 45794 | C13: CUST-108 | D13: West | E13: Laptop | F13: Electronics | G13: 3 | H13: 800 | I13: 2400 | J13: =TEXT(B13,"YYYY-MM") | K13: =YEAR(B13)
... A301: ORD-1300 | B301: 45663 | C301: CUST-123 | D301: East | E301: Sofa | F301: Furniture | G301: 2 | H301: 400 | I301: 800 | J301: =TEXT(B301,"YYYY-MM") | K301: =YEAR(B301)

Sheet Summaries
A1: KPI | B1: Value
A2: Total Revenue | B2: =SUM(SalesData!I2:I301)
A3: Total Orders | B3: =COUNTA(SalesData!A2:A301)
A4: Total Quantity | B4: =SUM(SalesData!G2:G301)
A6: Revenue by Region | D6: Monthly Revenue
A7: Region | B7: Revenue | D7: Month | E7: Revenue
A8: North | B8: =SUMIFS(SalesData!I:I,SalesData!D:D,"North") | D8: 2024-01 | E8: 21700
A9: South | B9: =SUMIFS(SalesData!I:I,SalesData!D:D,"South") | D9: 2024-02 | E9: 45140
A10: East | B10: =SUMIFS(SalesData!I:I,SalesData!D:D,"East") | D10: 2024-03 | E10: 33340
A11: West | B11: =SUMIFS(SalesData!I:I,SalesData!D:D,"West") | D11: 2024-04 | E11: 16570
D12: 2024-05 | E12: 28950
D13: 2024-06 | E13: 47200
D14: 2024-07 | E14: 10330
D15: 2024-08 | E15: 27990
D16: 2024-09 | E16: 16700
D17: 2024-10 | E17: 37070
D18: 2024-11 | E18: 17140
D19: 2024-12 | E19: 28160
D20: 2025-01 | E20: 23370
D21: 2025-02 | E21: 22890
D22: 2025-03 | E22: 16180
D23: 2025-04 | E23: 34000
... D31: 2025-12 | E31: 2080

Sheet TopProducts
A1: Product | B1: Category | C1: Total_Revenue
A2: Laptop | B2: Electronics | C2: 268000
A3: Refrigerator | B3: Appliances | C3: 126600
A4: Sofa | B4: Furniture | C4: 122800
A5: Table | B5: Furniture | C5: 39600
A6: Blender | B6: Appliances | C6: 26640
A7: Headphones | B7: Electronics | C7: 13150
